{"cameraMode":{"drawMode":0,"name":"Shaded","section":"Shading Mode"},"sceneLighting":true,"audioPlay":false,"sceneViewState":{"m_AlwaysRefresh":false,"showFog":true,"showSkybox":true,"showFlares":true,"showImageEffects":true,"showParticleSystems":true,"showVisualEffectGraphs":true,"m_FxEnabled":true},"in2DMode":false,"pivot":{"x":35.303314208984378,"y":3.8000030517578127,"z":-18.313030242919923},"rotation":{"x":0.15107467770576478,"y":0.14444057643413545,"z":-0.022311508655548097,"w":0.9776825904846191},"size":22.685226440429689,"orthographic":false}